{"ta_runs": 200, "wallclock_time_used": 11.632805585861206, "ta_time_used": 7.622570037841797, "inc_changed": 4, "_n_configs_per_intensify": 186, "_n_calls_of_intensify": 28, "_ema_n_configs_per_intensifiy": 5.36648964500708, "_EMA_ALPHA": 0.2}