{"data": [[[1, null, 0], [0.5684542149412195, 432.28307604789734, {"__enum__": "StatusType.SUCCESS"}, {}]], [[2, null, 0], [0.5642829377270672, 156.21736669540405, {"__enum__": "StatusType.SUCCESS"}, {}]]], "configs": {"1": {"boosting_type": "dart", "colsample_bytree": 0.75, "learning_rate": 0.1375, "limit_max_depth": "true", "min_child_samples": 10, "num_leaves": 26, "reg_alpha": 0.5, "reg_lambda": 0.5, "subsample_for_bin": 51000, "drop_rate": 0.3, "max_depth": 20, "subsample": 1.0, "subsample_freq": 6}, "2": {"boosting_type": "gbdt", "colsample_bytree": 0.75919495684058, "learning_rate": 0.1387213776530116, "limit_max_depth": "true", "min_child_samples": 30, "num_leaves": 16, "reg_alpha": 0.6552779076340373, "reg_lambda": 0.6539670570919799, "subsample_for_bin": 82111, "max_depth": 28, "subsample": 0.7215576765604051, "subsample_freq": 1}}}