loss,hyperparameters,iteration,runtime,score,std
0.5813724237615462,"{'boosting_type': 'goss', 'colsample_bytree': 0.6131542909274232, 'learning_rate': 0.08559651104234481, 'min_child_samples': 65, 'num_leaves': 27, 'reg_alpha': 0.8735537189736589, 'reg_lambda': 0.039592675110317166, 'subsample_for_bin': 6000, 'subsample': 1.0, 'subsample_freq': 0, 'n_estimators': 42}",1,2.0227968538179995,0.4186275762384538,0.0223800504081617
0.579647179118146,"{'boosting_type': 'goss', 'colsample_bytree': 0.7663730752580795, 'learning_rate': 0.1107616003060143, 'min_child_samples': 10, 'num_leaves': 14, 'reg_alpha': 0.6947698154035135, 'reg_lambda': 0.35193365689299705, 'subsample_for_bin': 40000, 'subsample': 1.0, 'subsample_freq': 0, 'n_estimators': 114}",2,4.469132127985358,0.420352820881854,0.030020588728328645
0.5646919676218303,"{'boosting_type': 'gbdt', 'colsample_bytree': 0.5931867056589482, 'learning_rate': 0.025174723770817035, 'min_child_samples': 30, 'num_leaves': 26, 'reg_alpha': 0.4027482931988202, 'reg_lambda': 0.8623024705871721, 'subsample_for_bin': 92000, 'subsample': 0.8387649131458688, 'subsample_freq': 5, 'n_estimators': 46}",3,4.908703905204311,0.4353080323781698,0.01699630687536805
0.569355758004709,"{'boosting_type': 'gbdt', 'colsample_bytree': 0.8890242043378525, 'learning_rate': 0.03136563645889487, 'min_child_samples': 50, 'num_leaves': 33, 'reg_alpha': 0.9575800800455305, 'reg_lambda': 0.6604595874455068, 'subsample_for_bin': 52000, 'subsample': 0.5671095278418854, 'subsample_freq': 9, 'n_estimators': 116}",4,5.133752958779223,0.43064424199529105,0.0192164433603935
0.5578032740504583,"{'boosting_type': 'dart', 'colsample_bytree': 0.566627601264653, 'learning_rate': 0.16972926075392222, 'min_child_samples': 65, 'num_leaves': 19, 'reg_alpha': 0.887409775290425, 'reg_lambda': 0.12921798152256325, 'subsample_for_bin': 42000, 'subsample': 0.5062035684430768, 'subsample_freq': 6, 'n_estimators': 95}",5,5.395696781366132,0.44219672594954174,0.01408123676017813
