loss,hyperparameters,iteration,runtime,score,std
0.5718511375744649,"{'boosting_type': 'dart', 'colsample_bytree': 0.8238395673577754, 'learning_rate': 0.034373324513274496, 'min_child_samples': 50, 'num_leaves': 38, 'reg_alpha': 0.35394528712312423, 'reg_lambda': 0.16581671904495565, 'subsample_for_bin': 62000, 'subsample': 0.8020325726034699, 'subsample_freq': 8, 'n_estimators': 58}",1,6.034772109775804,0.42814886242553507,0.01338230241163399
0.5779789551642065,"{'boosting_type': 'gbdt', 'colsample_bytree': 0.8071262388673406, 'learning_rate': 0.028782472280042864, 'min_child_samples': 60, 'num_leaves': 31, 'reg_alpha': 0.38053044787146173, 'reg_lambda': 0.5809302130871378, 'subsample_for_bin': 100000, 'subsample': 0.5048057699621864, 'subsample_freq': 3, 'n_estimators': 168}",2,4.802625284204259,0.42202104483579345,0.005843129147542556
0.569179400311619,"{'boosting_type': 'dart', 'colsample_bytree': 0.7867605361213159, 'learning_rate': 0.057655924847218334, 'min_child_samples': 30, 'num_leaves': 32, 'reg_alpha': 0.18261418486188785, 'reg_lambda': 0.5501509047268411, 'subsample_for_bin': 44000, 'subsample': 0.8220782546447032, 'subsample_freq': 10, 'n_estimators': 110}",3,10.138792169187218,0.43082059968838105,0.017994630278882977
0.581086694550417,"{'boosting_type': 'goss', 'colsample_bytree': 0.9242204211763533, 'learning_rate': 0.03628481820959371, 'min_child_samples': 10, 'num_leaves': 20, 'reg_alpha': 0.9443568649209823, 'reg_lambda': 0.26560053738701084, 'subsample_for_bin': 14000, 'subsample': 1.0, 'subsample_freq': 0, 'n_estimators': 102}",4,5.188210842199624,0.4189133054495831,0.033115383948462446
0.5782394998875882,"{'boosting_type': 'dart', 'colsample_bytree': 0.9908371514144785, 'learning_rate': 0.09312392657257022, 'min_child_samples': 50, 'num_leaves': 20, 'reg_alpha': 0.4210320898752513, 'reg_lambda': 0.0013072010502460651, 'subsample_for_bin': 96000, 'subsample': 0.7639771344217543, 'subsample_freq': 4, 'n_estimators': 67}",5,5.540266282763332,0.42176050011241184,0.0144528302810073
