loss,hyperparameters,iteration,runtime,score,std
0.5679392813254763,"{'boosting_type': 'gbdt', 'colsample_bytree': 0.8843262641931026, 'learning_rate': 0.22776921410295228, 'min_child_samples': 60, 'num_leaves': 47, 'reg_alpha': 0.9584276919000606, 'reg_lambda': 0.07682412059733468, 'subsample_for_bin': 30000, 'subsample': 0.5090999973471284, 'subsample_freq': 8, 'n_estimators': 64}",1,3.164809139422141,0.43206071867452367,0.016998308808310127
0.5792530729091678,"{'boosting_type': 'goss', 'colsample_bytree': 0.7664579081885975, 'learning_rate': 0.030689191594292158, 'min_child_samples': 75, 'num_leaves': 10, 'reg_alpha': 0.22855997301618047, 'reg_lambda': 0.6141635239763461, 'subsample_for_bin': 66000, 'subsample': 1.0, 'subsample_freq': 0, 'n_estimators': 98}",2,2.35780777761247,0.4207469270908322,0.007001684516528084
0.560860639191827,"{'boosting_type': 'dart', 'colsample_bytree': 0.5047391320135546, 'learning_rate': 0.04061126746319791, 'min_child_samples': 35, 'num_leaves': 18, 'reg_alpha': 0.4020467406592382, 'reg_lambda': 0.9625909035492627, 'subsample_for_bin': 8000, 'subsample': 0.6495105096203886, 'subsample_freq': 3, 'n_estimators': 70}",3,5.600674904417247,0.43913936080817295,0.018995339389901795
0.579002078820947,"{'boosting_type': 'goss', 'colsample_bytree': 0.9648118117748434, 'learning_rate': 0.03630935294739446, 'min_child_samples': 20, 'num_leaves': 33, 'reg_alpha': 0.5895029953518974, 'reg_lambda': 0.7269548875479275, 'subsample_for_bin': 80000, 'subsample': 1.0, 'subsample_freq': 0, 'n_estimators': 163}",4,8.293084801826627,0.420997921179053,0.02115079964214385
0.5681720900065214,"{'boosting_type': 'dart', 'colsample_bytree': 0.7787125449857919, 'learning_rate': 0.19474663276824258, 'min_child_samples': 10, 'num_leaves': 33, 'reg_alpha': 0.6882336686108419, 'reg_lambda': 0.4197146290603122, 'subsample_for_bin': 72000, 'subsample': 0.7388222831473957, 'subsample_freq': 7, 'n_estimators': 42}",5,7.961694237357006,0.43182790999347864,0.021051908139274916
